ms_uri_1,ms_uri_2
https://minmod.isi.edu/resource/mineral_site6a6c79cfe394017d4cbd434a1789ed74552aa9da8a94eb0dc29d561b0c7146a4,https://minmod.isi.edu/resource/mineral_site1ddce95f780856bb6dc5d7b77b54b84c9d3815a1112938ec66812c50abcf3671
https://minmod.isi.edu/resource/mineral_sited3c099abe2485e6342589cbb34c4fb0db5d9ac324bd0e5a75c6325f684b0b0f8,https://minmod.isi.edu/resource/mineral_site43811a3cb7df89800884a88a587e5012ed60b30c2b6ec01778210c02ac2868bd
https://minmod.isi.edu/resource/mineral_site057fd95b151aa08ce914b2142b7e3cb9964564634ed1cd1b2c3ddb96cb3e0a8d,https://minmod.isi.edu/resource/mineral_site2c959dd95090b802a5ff7cbdec90298e73d6fcb56063056267d91fc4d3fd6809
https://minmod.isi.edu/resource/mineral_sitebf46182339618e3d114c05d0fb09abd4ea985cf45ab98d32746911e8e71fa0ad,https://minmod.isi.edu/resource/mineral_sitef7661bccf3dbfb03c2ec175a73e6531546f3ffa5383d0d13b497a95fc6de614c
https://minmod.isi.edu/resource/mineral_site1c434fa681200994e31d63e850705a245889cd52d0aa1187a7071e22d061aef4,https://minmod.isi.edu/resource/mineral_sited176355c64b6f905aa0c2c189f83d24a8ec6a5c78cadfab23418a944c59903e5
https://minmod.isi.edu/resource/mineral_siteaefc47c936189655d7d165f6b1c960d5f8dc34da0f9cce68d0a1397bea77ff2f,https://minmod.isi.edu/resource/mineral_sitef8a833b3e536ab0dfb8882120ac1b948a69e62f1c31ecbc3f2ac6e65aa458cd8
https://minmod.isi.edu/resource/mineral_sitef3bafa2074659d8f0af063bb940d3d20c40530082ef0ff0d532e17b7b0d6c356,https://minmod.isi.edu/resource/mineral_site26eacd9b7f3e681450e8e6487a0d2be5dbdd5d8d278e3b3b27caf900d655a601
https://minmod.isi.edu/resource/mineral_sitede40a6770338361996f61a6010b8022ee70bc4e67e3b056755773760259a68ca,https://minmod.isi.edu/resource/mineral_sitef540caccf8809f5128e2e4ad9fda5b3d722bceb8edcbd54ce5b47eac5f753214
https://minmod.isi.edu/resource/mineral_siteda8b53a8ea360934258c5b2fd2cd3897d41b706d685063ad9b7b7ad319c2da2e,https://minmod.isi.edu/resource/mineral_sitefdf1c6bdcac8e9e6d24e0e0b32fd1613546583daeb103b9ae89f454bd04c0480
https://minmod.isi.edu/resource/mineral_site9598b072fa66085a624b289e51b44a7c2a4ab42050269ef3369672974b6ca61f,https://minmod.isi.edu/resource/mineral_sitef7c9be835902c7b789a1f604932615a971661cc90aad8b89b5ed3ab9582e84af
https://minmod.isi.edu/resource/mineral_site3d2c6144a132354fa4141794e669df39d4a1455a73699262f47a02214db68df8,https://minmod.isi.edu/resource/mineral_sitefd718fc99e31b0383290d8821790a6ef231af6ee20c26fec4957da91413841a9
https://minmod.isi.edu/resource/mineral_site12c8a2937e4fd8a1e7edeb41b8ea31dc1834becb28fef5087f29d65d45281fb5,https://minmod.isi.edu/resource/mineral_site401b089890448e499e22467ce13be524217879bbf99ba538f74d124d004b2aaf
https://minmod.isi.edu/resource/mineral_siteb54b1f61a0beb71dc14cb622eecec03e54b6fe400ec0385fd23c28c0f8e42af4,https://minmod.isi.edu/resource/mineral_site8bec772a9bdd658823189167960f8b5cad20bdea98d7b1d3264a9906bc895368
https://minmod.isi.edu/resource/mineral_siteb3f7047a02e5212e10f0ef4d635223f475d4d96604244c0666c7349fe12adbe2,https://minmod.isi.edu/resource/mineral_sited8cbc90e9d73a32994835b1eb5141980e87f163dce079c19386aa137c025a87d
https://minmod.isi.edu/resource/mineral_site759f00a7c643338a668eb5e98707808ee2d0fc816b11a2d8fd001b21687d6e7b,https://minmod.isi.edu/resource/mineral_site939c8f68856d7079ce97f1ec99e08215bf3de1027ad3ccb163d60121318ff65e
https://minmod.isi.edu/resource/mineral_site4a215accf25eec805a6adf90953db1d6afe7f0fc6f2028330bac16e483bfb784,https://minmod.isi.edu/resource/mineral_siteedc5252e8ef7c108ed2953120345a4b470aacfbd373fd2371b0a93a552f91b61
https://minmod.isi.edu/resource/mineral_site1f6e420405b5f1275548f2626516325904248d662016ea5aef6db562a9b82eca,https://minmod.isi.edu/resource/mineral_sitea1328a188f9097559a5f7bf35f8a610b5a3513ea191336edb5551690bc94fead
https://minmod.isi.edu/resource/mineral_siteb80cf67a8d82e963cc1080cdaac2dc7564111f36fed191346e9b19f21c544a8d,https://minmod.isi.edu/resource/mineral_siteb496d3242e6231468e961725ff740ae3af6138d47a431707981e5695862cb847
https://minmod.isi.edu/resource/mineral_site1e8eefcfd286bb2e9db3d1048deed8019b0f0867f1e5a46476c1864ad7cfa7dc,https://minmod.isi.edu/resource/mineral_siteba82cf629234f3924d1b189882439600047e40b96944d337e0b69888c66cd7cc
https://minmod.isi.edu/resource/mineral_site8d024c55819cd4e478524d242e4554550de38e08800de2c75697893cf43b265f,https://minmod.isi.edu/resource/mineral_site2612786da6c8feb89b046696049b386c7093540719ecd9c8a79f48e52760e937
https://minmod.isi.edu/resource/mineral_site5a9dd2d046b979aac275490ac4960a6430f69f49e46e119f352a796bf760d8a2,https://minmod.isi.edu/resource/mineral_sitedf1462f559a0c9b0eb9751fe20ed89d37f85f654b67c5ca869f3f82836f07e94
https://minmod.isi.edu/resource/mineral_site8a91ae7f63daf99139ed7627ca95c87155d324941a230263e2fc1570c0b88ee1,https://minmod.isi.edu/resource/mineral_sitedf1462f559a0c9b0eb9751fe20ed89d37f85f654b67c5ca869f3f82836f07e94
https://minmod.isi.edu/resource/mineral_site2e175f7d4cf4349948c2a98ba281fc4ed485f7bad982cb75ed1843252eb24fc2,https://minmod.isi.edu/resource/mineral_site7d2686a56655311369f95f27cf512a83ff62dd0913c47efb0a58da72f4fee9ee
https://minmod.isi.edu/resource/mineral_sitebc16e926caebc27fc89c3510818890b5fb1e2700b2ccdc97cb3078a50b4c10aa,https://minmod.isi.edu/resource/mineral_site23dc09c2bce8b49460950cf8fad64fbc055fe1e825d7e7ec4be9063de8e68cce
https://minmod.isi.edu/resource/mineral_sitebd5e6d072d06ba0ca10c02d800b5be4297c87f842b8cfec5add126ccb4f74652,https://minmod.isi.edu/resource/mineral_site1bf4c099e6747de37f4502a0e334ff5d26fd1efdc082b9f8f7d4424e89c3076f
https://minmod.isi.edu/resource/mineral_site0e648dde25231e343971938e464d7b608030e99d3422d8e9647095a7095ca0da,https://minmod.isi.edu/resource/mineral_sitedc10e19f7724e60406481f0e921bfd350d80fad8e5c596a6a1b9273591bde80f
https://minmod.isi.edu/resource/mineral_site2a2fee5535d199b218b95204aa4e4a9906fba55c4a7be92c69fea9e7d12f1f49,https://minmod.isi.edu/resource/mineral_sitedc10e19f7724e60406481f0e921bfd350d80fad8e5c596a6a1b9273591bde80f
https://minmod.isi.edu/resource/mineral_site125b22e55083e5e8990ace867791411dd617616d2e84572b4fe9713cb6440cf2,https://minmod.isi.edu/resource/mineral_site125971a1c91f6fcc07e3ea6c4a0d10a88ae0cd0925c33143b43776ed0a5fcb17
https://minmod.isi.edu/resource/mineral_site7c99075d8ee180bcbf38d69d19024261e1c8367464e99c6510af624e666e89bc,https://minmod.isi.edu/resource/mineral_site6d6fd5fdc82bd5e5f715f76c2edd54984afc0d978e4ead423fbdcab40ccdf115
https://minmod.isi.edu/resource/mineral_site91b1473be14191bf7ee6a004103c87e23ffd1b9cb721ce8552a65fbf445e037a,https://minmod.isi.edu/resource/mineral_site6d6fd5fdc82bd5e5f715f76c2edd54984afc0d978e4ead423fbdcab40ccdf115
https://minmod.isi.edu/resource/mineral_site32476d52299f9cdd9d1f544ed02a3326054c771008e9cb08cd9e49618bfcfbc0,https://minmod.isi.edu/resource/mineral_site3d38440386feae10546cdf7e1968b0a654a90928ba7be99519d60e2e5496ef7f
https://minmod.isi.edu/resource/mineral_site61321c9911234ad6afdea87a90f7feab2844aa331558c051ecc09be938258742,https://minmod.isi.edu/resource/mineral_site2fd8c891d2659035be054093c39d669ecd022ee1910ecb04f3b994dd47078671
https://minmod.isi.edu/resource/mineral_site9c767dce8569538fc4ef875cbfaa3d48338ad6eaa05740db67c7391a196f678a,https://minmod.isi.edu/resource/mineral_site2e38a318a583891bde16d061d58996c5419879998f131d5c6184edebf9c48c41
https://minmod.isi.edu/resource/mineral_sitedde0dc83ce02f53a9207ad79ebb226d695a092d1cfd9fe9e9ba17ba5633f6b4e,https://minmod.isi.edu/resource/mineral_site39ae4ac83fe876f8edb9a74ece2a4adb63ce8b66db889df39f0016d902e7bfcc
https://minmod.isi.edu/resource/mineral_site8488fd547bdbfd13ae5fd29e0c90e51b8ee29769d3e9da4ff83b54fe287b96fa,https://minmod.isi.edu/resource/mineral_site0195095223e996ae8d228fe2e68eb3f339f76dbef9386cc709bc113c46ebc534
https://minmod.isi.edu/resource/mineral_site9cc5092dfa62c618a7571374771c6ea6c8b8169a3ca7441cab989a70db92d213,https://minmod.isi.edu/resource/mineral_site0195095223e996ae8d228fe2e68eb3f339f76dbef9386cc709bc113c46ebc534
https://minmod.isi.edu/resource/mineral_site5261be379fd72639ef4c850a6d98cd3979903e1aae78c5b45e1b287380c8a92e,https://minmod.isi.edu/resource/mineral_site0195095223e996ae8d228fe2e68eb3f339f76dbef9386cc709bc113c46ebc534
https://minmod.isi.edu/resource/mineral_sitec19c5726b07c0058cbbad114c0c76eda6aea8d3d7560b6d57e08a45aaf197007,https://minmod.isi.edu/resource/mineral_site0195095223e996ae8d228fe2e68eb3f339f76dbef9386cc709bc113c46ebc534
https://minmod.isi.edu/resource/mineral_siteeb490bfd88db414d1859693c03f10fd9ff5efda33d5346d776c5e50d09e60947,https://minmod.isi.edu/resource/mineral_site0cf3226b7973f5b5a443e8ccf1a6bdc3bca064c17129dabf9d245b03ea794848
https://minmod.isi.edu/resource/mineral_site5476ec9fad0e7e48e4cf7928dfeb1c63e025b4c046993beb9537b2fc5cf19d7e,https://minmod.isi.edu/resource/mineral_sitead84bd5f5e40be213060c882ff0380c3ccef48c0ba0f2844613e75f492aa87a2
https://minmod.isi.edu/resource/mineral_site968ca3e531c442a644e9746353cfaa2087a30f1dc140633a7d2c1ac2596eb2f8,https://minmod.isi.edu/resource/mineral_sitecd79aed00b0185f86ff89ccc838a40cf696dd9b43502f4391fea3ffafef2980b
https://minmod.isi.edu/resource/mineral_site9d7a8b01a3e6f9b00133ed0d206a90be8709006036ccd41db5b121be98997727,https://minmod.isi.edu/resource/mineral_site77e95c243fd8b08e60b3f40b2d55594ad41166fbeda2a31c9d360c16fdae245c
https://minmod.isi.edu/resource/mineral_sited2bb123bcf5f4aae9e28d218eac913e1b92533a17da52f0ad76bb085602c99a9,https://minmod.isi.edu/resource/mineral_site131595436add4701fb785d08ab66000e47e2782e678cc866c34b61148a9d4a98
https://minmod.isi.edu/resource/mineral_site9d9083d27c842495b5698ab36b64ecac9fb85547ec1621c6641f06266b60858b,https://minmod.isi.edu/resource/mineral_site131595436add4701fb785d08ab66000e47e2782e678cc866c34b61148a9d4a98
https://minmod.isi.edu/resource/mineral_site8eb1add73452b94573da9820cb92098c807586d72423666a4a3c9ed0c9da2fcc,https://minmod.isi.edu/resource/mineral_site01f2c65a934d6a5e7be049b31f306c5dd115392a5ecf68c42cabddc2e99d938d
https://minmod.isi.edu/resource/mineral_site15bf0c3347f65663740abafa67ce24a6d0d15496015bacb4754818b0dc545532,https://minmod.isi.edu/resource/mineral_site5c0459939f97a8f945ab009456bcc06b2748eb431c6ff94f597c71068bdb41e1
https://minmod.isi.edu/resource/mineral_siteb4f150f2a1a3fd864498f26282241d3634dee846deaf7d832305486cdc91ed27,https://minmod.isi.edu/resource/mineral_site49f3971ba9bded4a089dfdc35a397cadf7a2a25b7eabc12b8d1b866fcb61cb4b
https://minmod.isi.edu/resource/mineral_sitecc154546dd322a8e67465697dd90d438bb964d82b5666538e4bc9d14381a8937,https://minmod.isi.edu/resource/mineral_sitef25c809fdff8e8ac085b32808ffd5ba8e35425827d72ba0348ef85b25d611a6b
https://minmod.isi.edu/resource/mineral_siteafd83f498cd28decaa3b0a3325daa96d92995673382df872ffca8500cab3a228,https://minmod.isi.edu/resource/mineral_site35fd949bf78d846236f6c5dfa050f3006156d3520dd59692c228eabe1a718354
https://minmod.isi.edu/resource/mineral_sitec624238861ea37d87a970126e0d21e68ed2c73e347f809230d2db75120c3c0cb,https://minmod.isi.edu/resource/mineral_sitedaff12d9bace39fb7d900f4a0bdc4475a7a422b1b9a46bbfb12da66a6c936dec
https://minmod.isi.edu/resource/mineral_site5d5b3124b6c8349e8f3705d1f0baddd0c3dfba3cc859410d080779975916717f,https://minmod.isi.edu/resource/mineral_sitedaff12d9bace39fb7d900f4a0bdc4475a7a422b1b9a46bbfb12da66a6c936dec
https://minmod.isi.edu/resource/mineral_site34e144474fbc6c32fb81d6e7415d8e31989eee75e4c07877f8e87c880360e812,https://minmod.isi.edu/resource/mineral_site97cdfea20561c8e594143fc880b52c563613b23d490e01bc3b31f519de63426d
https://minmod.isi.edu/resource/mineral_site40360bea3a958df92f2d46bd664f36b244224a679e5bb46ed8744daf85ed0b60,https://minmod.isi.edu/resource/mineral_siteed00c7b1d890dc3bc9de20d3ee1f3bdde0ae18ace4ce996de6ffeff6a23869b8
https://minmod.isi.edu/resource/mineral_siteabda4c29b2e7701e50f3fae04d1431e941dda39b785ac46e098241e797a4afaa,https://minmod.isi.edu/resource/mineral_site1f6990f10ad5e7b494c36a154f8b471f68c8d9f3a551926e8af12f874016698d
https://minmod.isi.edu/resource/mineral_site4c93f9ca8a58750c7723e97e32b6a7c5cd892f01c4671953880a1c64412417bc,https://minmod.isi.edu/resource/mineral_sited5d50b787af693ce66aa12f00eb5c23ab71bd81a0726296f5beab03d47daffff
https://minmod.isi.edu/resource/mineral_sitee35bd242bd14c9b6eb213bba9a6be8f4643c7da80245e5fa7f01eccd026a5f20,https://minmod.isi.edu/resource/mineral_site2abfc4346d81c1d0ac6e4aaa993ba13dc2de620a472ffcab0e0537c066d934b9
https://minmod.isi.edu/resource/mineral_site7c4ca05e28326f2819409ecba6f0720879ec8a9b5d736b73c482477bc1116b34,https://minmod.isi.edu/resource/mineral_sitea1f075669ac8e6b5a69af2a2af4ce7957c8f36dff003a9c96803ff1dadef201d
https://minmod.isi.edu/resource/mineral_sitea9144cc46d4788717a1c86311d66515588f11dac690fc0efd212e8e9dc45e874,https://minmod.isi.edu/resource/mineral_site16886710ca504648620aa94b60f6fb1569117b044d70404e38d6b4e14fbc4312
https://minmod.isi.edu/resource/mineral_site0bb89504dfab6dc075392386b5863094b84700337572568e014894390616ff27,https://minmod.isi.edu/resource/mineral_site113cb03e552d2e91d94ef3f82604ff24f53572599c753eec44405d9fe7b57a58
https://minmod.isi.edu/resource/mineral_site240f491f2876e609236a98addb5b31b0eca8f63b49dd49b0f969ac76b1353442,https://minmod.isi.edu/resource/mineral_site113cb03e552d2e91d94ef3f82604ff24f53572599c753eec44405d9fe7b57a58
https://minmod.isi.edu/resource/mineral_site2c0eb86140f1058ea428a43f550af4555bd1dc1f65fc38d4ddeec7088b0c8a51,https://minmod.isi.edu/resource/mineral_site2d141a767f98625760f6226c5f26637b3f467eb7565faee7ad91ac389764c62f
https://minmod.isi.edu/resource/mineral_sitece53806bfc92ea0c818b6e73990efc320013c47a128d162acee9038569af4951,https://minmod.isi.edu/resource/mineral_site992da85dd04270a3df49b8488920e21fd3ce1fdfdfccea7df380dce31109c437
https://minmod.isi.edu/resource/mineral_site9d7f0028dff5de9373a0193133b8b897a1b07ea4a16bec059a344365c8b7e544,https://minmod.isi.edu/resource/mineral_sitef44a56150d73d0154507db63df107e8e8b9e44648df7be57cc12a029f52a8c8a
https://minmod.isi.edu/resource/mineral_site35b7ba93cc6ba37d70bfffd2589997101d08f2757c6598d309abfa35a31f4ce1,https://minmod.isi.edu/resource/mineral_sitef44a56150d73d0154507db63df107e8e8b9e44648df7be57cc12a029f52a8c8a
https://minmod.isi.edu/resource/mineral_site8c19f199da78cda7e5e044b1272cb8c8fd8421aba1c6f89933289706f4551352,https://minmod.isi.edu/resource/mineral_site7e0e6245a77cac8632ac8fa13beb2bca1b6e78bce39e1cf637c7ee7a945c43e1
https://minmod.isi.edu/resource/mineral_sitef4187daaa45b675fbb1a59c1ab338aad584a63413198aa2a09de34d312c396b4,https://minmod.isi.edu/resource/mineral_site55174d909a6feafa281e7c52c5b6a5a9fa0e0d7c5d27e0f7b75c7940b4e50696
https://minmod.isi.edu/resource/mineral_site711da72498e9df05d3c07b64193228259ac863f7e53b5e4a0d1786eaac5690b9,https://minmod.isi.edu/resource/mineral_sitefec504f7f2c1583ce6b6ccb31fa144dd14a9dc4adfd883f8415265e264cf497c
https://minmod.isi.edu/resource/mineral_site6579942e53f50276eb8e42068513fcdea856e65bb2580f3fc1ffa472cc83f8af,https://minmod.isi.edu/resource/mineral_site121f44c8bb4856b983dd37ce0bcbc00568676250746ce7c509c25cbf7778d1b5
https://minmod.isi.edu/resource/mineral_site6332d0f0845f8b990caf8d22dc2980bfeb67f6643cf08cca1efa2d37e997530a,https://minmod.isi.edu/resource/mineral_site121f44c8bb4856b983dd37ce0bcbc00568676250746ce7c509c25cbf7778d1b5
https://minmod.isi.edu/resource/mineral_siteab7d67ab2eea4f67a97ec29523fd74d9deefe7a6b8c19940addb00ebfc07acb6,https://minmod.isi.edu/resource/mineral_site121f44c8bb4856b983dd37ce0bcbc00568676250746ce7c509c25cbf7778d1b5
https://minmod.isi.edu/resource/mineral_site06d0f5003d2fc074f5555c72d42bf321452e9817f8a314b5ebd57fcde4d5a9ac,https://minmod.isi.edu/resource/mineral_site43ebcecc7fb8ee54df5fe70b1a8dcbe7aa608235244f76fa544d5a51bd6c176f
https://minmod.isi.edu/resource/mineral_site94ca140d9f585a5eff656b520cbc8264445e93dc4b4a2ed07a5f9303438694b4,https://minmod.isi.edu/resource/mineral_sitea2dde443a0e49060b1203f6bc1103c40ac24b1053810a405d71fc824ed3f1803
https://minmod.isi.edu/resource/mineral_siteb32b76d9ca9c5028391b6f13eca4d0b5ed760d027ee1b6aa8df9e49e40ea5153,https://minmod.isi.edu/resource/mineral_sitee2487e1df44733c217575de9a80de2a7ccdbe85ea14722215a402fbcde6f1a79
https://minmod.isi.edu/resource/mineral_sited242b639a3188f25d892d67b2df4614291eeb9c65e84e67249e79bdd38d021fe,https://minmod.isi.edu/resource/mineral_sitee2487e1df44733c217575de9a80de2a7ccdbe85ea14722215a402fbcde6f1a79
https://minmod.isi.edu/resource/mineral_site1c2267bd6265088d99e581fd64341fc94f12dbdfd3677ddc6c11783d1eeecd69,https://minmod.isi.edu/resource/mineral_sitee2487e1df44733c217575de9a80de2a7ccdbe85ea14722215a402fbcde6f1a79
https://minmod.isi.edu/resource/mineral_site4b6128f3b9875dccda330969307330133bc9ab59c2b86970d0cb4a7aa59548d7,https://minmod.isi.edu/resource/mineral_siteac10e183af2accee40c10830e68cf21555cab6b84604df6799c5ffeb59861952
https://minmod.isi.edu/resource/mineral_site4e13faf330b2078e2bc63d547174a0569a5d713d2291a82fe5a68a484a155dd0,https://minmod.isi.edu/resource/mineral_site0e36a83ce4a11df31615fa4fe95f1c94dd7a1f3dc332c95192df722920d748bf
https://minmod.isi.edu/resource/mineral_siteef028d05c8a81476d602a9e78765e4368c72f3cd92310dc82386db6d76549a02,https://minmod.isi.edu/resource/mineral_site3bf23205aba6281d6ab8f301bfdedeb046d2983c0fe949d7c67f83d0891c601b
https://minmod.isi.edu/resource/mineral_site5ed61e744cc761b238e94aa0f94b8e709ac55059f19b6903fb0f61b6eb05e14b,https://minmod.isi.edu/resource/mineral_site3ce18ac1bd1fa7e2511595e1152e098c85c98b5507a7036d83f2000120d3bea5
https://minmod.isi.edu/resource/mineral_site31186a4f699ccf7ce64334c2c9361227846f9f6b434ceccc6ae3ba08b566eb0e,https://minmod.isi.edu/resource/mineral_site3ce18ac1bd1fa7e2511595e1152e098c85c98b5507a7036d83f2000120d3bea5
https://minmod.isi.edu/resource/mineral_siteff1f2725f829cf210ea5e9a54a388ef0f5484ee9aad135b47076b7c320c34e90,https://minmod.isi.edu/resource/mineral_site4e5d9bcefdb62313d877d88d65ed5fe4b584e6b133706b897bda12feed5410a0
https://minmod.isi.edu/resource/mineral_sitea0dc218a63741a0e2b76d4e90d306dbf5c2fdbb6753bd64f872d89bad031f597,https://minmod.isi.edu/resource/mineral_site4e5d9bcefdb62313d877d88d65ed5fe4b584e6b133706b897bda12feed5410a0
https://minmod.isi.edu/resource/mineral_site7c77fdddf61f3a6e2602e428502ec69019fe9b6b6757f8047076a234b71e5df8,https://minmod.isi.edu/resource/mineral_siteed82cab6892f4138a2cadbd0c17d6b60e2e33d03b03946ae3e9f85f279258c3b
https://minmod.isi.edu/resource/mineral_site47855b6408b368adf424e4516af53b7ed9883870ba6a5bfb64db1d7b6dadacc8,https://minmod.isi.edu/resource/mineral_site3135f56174f9476507d795ebf743bcac14574eff9f0f87413cc14d89313c6520
https://minmod.isi.edu/resource/mineral_site50b2f53d153747bcc5b69ddee6a8a5bd23ac436df78cb289b2375d7829b513da,https://minmod.isi.edu/resource/mineral_site3135f56174f9476507d795ebf743bcac14574eff9f0f87413cc14d89313c6520
https://minmod.isi.edu/resource/mineral_sitec4f99e465b624dd12be349e466046fe43694e6e02f10f3c807d6364e8963d236,https://minmod.isi.edu/resource/mineral_sitea0b84d36b9fcc6295487ced1876b9c6be801eebd78003ca8a0b386f2a4665672
https://minmod.isi.edu/resource/mineral_siteac65701c550decb5ad05da6b1ed691c466c450e02430aba1545e5e4a684ac95a,https://minmod.isi.edu/resource/mineral_site699cff78aa44b6c00303370e0f823e78cad3d3df31e9f468d8ddb099d5060e9d
https://minmod.isi.edu/resource/mineral_site7e8a937cec84a71fefedce99c2d9abbec87af1779ec3be969f7a0464316b0694,https://minmod.isi.edu/resource/mineral_site77b10ddee6e213c68391d738945dd680ebb37a82191eec45fe8e8bf40df80138
https://minmod.isi.edu/resource/mineral_siteff7c248832ec80978b66e9b5fa6863dead9d8391eae0b27870b1956544a8f6c7,https://minmod.isi.edu/resource/mineral_site1b55a9d6b118b53a7c7389022c9a14d43cea862f45f7a953e27c8554eb7448f8
https://minmod.isi.edu/resource/mineral_site53cbd8f433c12b291b2837452f35d9dd4bed9188c0b00aa6e152d18194dc63ff,https://minmod.isi.edu/resource/mineral_site1b55a9d6b118b53a7c7389022c9a14d43cea862f45f7a953e27c8554eb7448f8
https://minmod.isi.edu/resource/mineral_site46e7ec8a392457cf78aacd1d7203f9173f23e0d5376021641e6eed4dd42f818d,https://minmod.isi.edu/resource/mineral_sited9c661ead1584e9ae0b108ca1489f4ba4f1eca56c81546f46a7595004333416e
https://minmod.isi.edu/resource/mineral_site9faa0089b6c343d93b7b56c9731b2f38d4debdc853a16571d21380aaa67b4342,https://minmod.isi.edu/resource/mineral_site9b931e68617d5d735bbd99eb2cbabf9838634cad955b1d0ba6825f33b27a0fd3
https://minmod.isi.edu/resource/mineral_site412bdc0c70a9e8c5ad0741860cf80b01de7a3193376d7c54da18bbbd362fc68d,https://minmod.isi.edu/resource/mineral_site9b931e68617d5d735bbd99eb2cbabf9838634cad955b1d0ba6825f33b27a0fd3
https://minmod.isi.edu/resource/mineral_site373562fb33e52d1eeec5998b18c6dba478341cbe1edc3df7be6731f118803f60,https://minmod.isi.edu/resource/mineral_site9b931e68617d5d735bbd99eb2cbabf9838634cad955b1d0ba6825f33b27a0fd3
https://minmod.isi.edu/resource/mineral_sitee37f2f23bff8558f807aa9ca2ddc16a13248a00a28dd7e57e6d03b0405920d43,https://minmod.isi.edu/resource/mineral_sitea0e932c35d7946d7f2db858a3c3026b80eccc11b55b54714b796144b6c4667e8
https://minmod.isi.edu/resource/mineral_site322d0ed4ec9806381b79a8eef999f8ed6222f7fa2496564d6b108a3b8bb49103,https://minmod.isi.edu/resource/mineral_site19e1735b4fc52b126c242538b80d4ad8892d2b365b5f5a11f91c7e07da97f3e6
https://minmod.isi.edu/resource/mineral_site87bedf705dcdde536fba27387c569922b13fbc297fcb4ab293f90ce81572989e,https://minmod.isi.edu/resource/mineral_site0bee209458c663154873b8227b818321fc9d1f6ca7c170dd30299ba7d189da4f
https://minmod.isi.edu/resource/mineral_site88ffbad893c4918191faae9c8e4b5fdbdabf14ac156b4c4de8ece651c2f96ff6,https://minmod.isi.edu/resource/mineral_siteb3caff49298d62203a9188638916ccf43c7aa00473a78981cd340a0cfd218999
https://minmod.isi.edu/resource/mineral_site903c3407c800396758824412addad9606af110f85d46c90a5c03ea6a5fb425ee,https://minmod.isi.edu/resource/mineral_sited957a3aae6a77899655f8543a8e38a75967b282ca42ae450265abb6ee086956b
https://minmod.isi.edu/resource/mineral_sitee4e4bb3af7c37a00452ae32b9fc964580dc4ca21f211ed8f309ad6a5539956a3,https://minmod.isi.edu/resource/mineral_sited957a3aae6a77899655f8543a8e38a75967b282ca42ae450265abb6ee086956b
https://minmod.isi.edu/resource/mineral_site1457ef491ce7608ace51a9073b56ebd8a44dcdfb14d889bf6ecc84b9e10db8f9,https://minmod.isi.edu/resource/mineral_sitef6fe57e2e5df753d006c43e8c83428d0a7cd5f2a0fb166c8fbce1a2e70c2ec92
https://minmod.isi.edu/resource/mineral_siteff8ce5103a23680bcb2c5a459a091b7fcf77347ac51ff0da636794e3e757c61f,https://minmod.isi.edu/resource/mineral_sitebe22622a58abeaf9acd411611ad7a04f70428d09f1ec7b35c1bdb4eb2cf73aaa
https://minmod.isi.edu/resource/mineral_sitee343839b30858e75cdb85dbebd7828ee4693a1b58c5a404a5a82159939aad435,https://minmod.isi.edu/resource/mineral_site5608a1b971df48b2e3d02bc519f0048abb971d8f82cd45d7c860567b77c49751
https://minmod.isi.edu/resource/mineral_site7c4df70a71ba2bd55a5754ddded91bbe98837ebe0864f298c1361aaf022fa151,https://minmod.isi.edu/resource/mineral_site121ed382445cabddfa131c49ce8f77a3eeef8a77a35a949159c5beaf39847a41
https://minmod.isi.edu/resource/mineral_sited385c30d5a25131a332db82ec85ff0b7761fe5ea5519cb682d30a1b668bd18e9,https://minmod.isi.edu/resource/mineral_site69e863b66d6f5b82efc351e0caa197f0d1cca6e37d8152e4a83f91abf024a0d0
https://minmod.isi.edu/resource/mineral_sitec7b764d3d826491a82f816293aaabb6d0067eaa133e58d526a6ea3b3ff02f5d2,https://minmod.isi.edu/resource/mineral_site2661477defe9790e4f40a20bf957a90289a8bbb9f972434e53a920109cfe7a9d
https://minmod.isi.edu/resource/mineral_site557b104c719c89a3668ba40034d94110349c96e0a2dc412ee37cf710a065b9f7,https://minmod.isi.edu/resource/mineral_site9f95b2ec4996c04cc03b4a8fafbabd2d4bed34c196db84dc9c5c4d9cead3f066
https://minmod.isi.edu/resource/mineral_sitee7f0fb21990680cae550cd84152864ca2b3a3f005abfa1b8811dffeea8d706cd,https://minmod.isi.edu/resource/mineral_site66796e734de2ef8f4c0206bf85c6acce6248d7465b2f828ceee31e0dfd45c095
https://minmod.isi.edu/resource/mineral_site1d2807bec928eac59dbe67732472da9fe7a0f624974f42856ef3e2c6f9b14e64,https://minmod.isi.edu/resource/mineral_site38efc5cfd1c91fc628a9efd775de3469e74fe70b92afa9bb4e746bdfa47ac70d
https://minmod.isi.edu/resource/mineral_site04fe61046a3782fec244a0a2359b27bfa21b40c5949c8d191c4edacf861f6751,https://minmod.isi.edu/resource/mineral_sitea642b8a4ea4d9c6686eb1da6bf4bd69aea7f6a98047da075c68650b408b767b9
https://minmod.isi.edu/resource/mineral_site3cbd4fe28715abb6fe6731275b9787ae24798cdced5ffa4b876eb531c51e1bad,https://minmod.isi.edu/resource/mineral_site0af55a5e9618d6e1e923b322226af97a0c6dc4d567542628b927832d21f94dd0
https://minmod.isi.edu/resource/mineral_site35ca54ac689ac1dec09f7eed4254ac093b3b8dfbcb127f63cf3b6af4bcccf4a6,https://minmod.isi.edu/resource/mineral_site0af55a5e9618d6e1e923b322226af97a0c6dc4d567542628b927832d21f94dd0
https://minmod.isi.edu/resource/mineral_site6d111fcb17eb2891bd91dbaa158d1675752986ab75bf6596cd41e24f32c1d607,https://minmod.isi.edu/resource/mineral_site456e9a541ce4528d64e3f2e848ac5c0c4f722784d9367f1f9a21590d8a89e184
https://minmod.isi.edu/resource/mineral_sitebf1b51ad18cdafa21f64d08e1e7a333362d8e5ae2d83dec0fca219692b1c25ef,https://minmod.isi.edu/resource/mineral_site3583cea94098762702142c1bb6de98a714004e2a6c947f6d8c255e117b7b7361
https://minmod.isi.edu/resource/mineral_sited7a4b74e6ab60c06a954c465e8666a0efaaa4bfde29a9110ac4faa838d6800f9,https://minmod.isi.edu/resource/mineral_siteeed251fdcd688960b205bc5acf6607e198ca242fcb284dc71ed1c97b8b58ec10
https://minmod.isi.edu/resource/mineral_site71a9c60853db659358386eb7bbcf9a00b42eaea0668c7b45d47f450a482b1dc3,https://minmod.isi.edu/resource/mineral_site70ea781023400f153daf6ffa2ca1357f0ea5222d30364395038e0f9c7b1ca61d
https://minmod.isi.edu/resource/mineral_sitedb1476e8bea2e523e6fd8b2a97dc55574e0d09b7bf8eef25f9a2e67d006dd68b,https://minmod.isi.edu/resource/mineral_site70ea781023400f153daf6ffa2ca1357f0ea5222d30364395038e0f9c7b1ca61d
https://minmod.isi.edu/resource/mineral_site79ec71db4e3fcaa02269e15663a8e18b5c03b388b9ce1b097c1a7396632d41ab,https://minmod.isi.edu/resource/mineral_site7d28fcc10964dc52371259a5c246a5ce4dbdbf61ff9f433aacf2950a2f0faa2e
https://minmod.isi.edu/resource/mineral_site9bd7dc110ef0c5018ee875260ad96d8ee94d74018f8e006f889ca2c2ec92beac,https://minmod.isi.edu/resource/mineral_site1a174cd07c2e273cd0334a7ee3ba5c0b87ed4943dba2fd14ecfcca9b3799ef78
https://minmod.isi.edu/resource/mineral_sitef637acc17a97deaee326c0d81c02eb52a2e16a5178aa3cda028ee272777410b1,https://minmod.isi.edu/resource/mineral_sitec5bc7a9118b2a885dede70dd7d55ab8e6c51edbf230f4e83990156706679c163
https://minmod.isi.edu/resource/mineral_sitec2b59021acfd4c418a8ad08b17d633c12d3942201ce7a607cb5a9dfae7c38401,https://minmod.isi.edu/resource/mineral_siteb0ebcaa551750bc882985999f89932182b3015fd45498df772568ed0ce652813
https://minmod.isi.edu/resource/mineral_site65d7399cde1ab0cf361304c479d5159fbcd9c6df68d7698ea6baac3726f0e009,https://minmod.isi.edu/resource/mineral_sitea766bed829beef4cf6d22d087dc99346d24f9685822cd75516bde7247fb4faba
https://minmod.isi.edu/resource/mineral_site2ac6d12401e69f1c7d80b0009f284ecedfcf7a45ef5e9bbbd2994f4e3ed514c9,https://minmod.isi.edu/resource/mineral_sitea766bed829beef4cf6d22d087dc99346d24f9685822cd75516bde7247fb4faba
https://minmod.isi.edu/resource/mineral_sited2004385a89bad9d0924d978b27d451c92159f068c8c3a47fbf6f31de3cabce4,https://minmod.isi.edu/resource/mineral_sitea232dd58e669708df8b79048dcfe6827877a6053b16eea9bac880a7fa1ceb083
https://minmod.isi.edu/resource/mineral_sitef8011aecd60c1bc700f72037e59def222d612edba4fc5e27600ba0ba0f412e0c,https://minmod.isi.edu/resource/mineral_site4a9a3fdb0ff6f89301d49044c2ac88b7056b8ebfbfba201ee9b38f262079d888
https://minmod.isi.edu/resource/mineral_sitee55c39cea984450971e674f3978bf988105cf459b545098a53a30793dc7c20e5,https://minmod.isi.edu/resource/mineral_site4a9a3fdb0ff6f89301d49044c2ac88b7056b8ebfbfba201ee9b38f262079d888
https://minmod.isi.edu/resource/mineral_site6c2416caea43630c4ddc979072df0385e569af34f669aa753bc0e5e6e5d51065,https://minmod.isi.edu/resource/mineral_siteb1bb308c78765d4ae6b6059a6e0db89614a03ed345da7643b4c2021578422a49
https://minmod.isi.edu/resource/mineral_sitedeeedd6c1117ff0e0b32ce498d96274c69c909d9cfd44e440faa2a46174d656b,https://minmod.isi.edu/resource/mineral_site4646275dd09e02cb0252fe2e940af3deeb40486c39b900b8c013c3224a3dd8c0
https://minmod.isi.edu/resource/mineral_sitee2c86ade960ef02b6342f40946963ccad37abd468bc452ed1567ddc8d537dfad,https://minmod.isi.edu/resource/mineral_site0532367e4ab4c396688efb3565f3ba5c37b0c3cac736c994ac81601e9f9cbfaf
https://minmod.isi.edu/resource/mineral_site9d9d1d072df960eeaeb19aac9033e5f911799acae66daddb92037ccde74852f7,https://minmod.isi.edu/resource/mineral_site5d696003ea25524d2795f5eab0e4916bc1d47c87ff25e7066ae72ae05e3c55a3
https://minmod.isi.edu/resource/mineral_site1ecd1283cd80bd9f43a8adbd4e33fb7534a4db1666aac8fa9b402f462eba4645,https://minmod.isi.edu/resource/mineral_site5d696003ea25524d2795f5eab0e4916bc1d47c87ff25e7066ae72ae05e3c55a3
https://minmod.isi.edu/resource/mineral_site99e545c703f860c891227529db5fcef76b8285558a2bfb3c035af7534b4f3bf3,https://minmod.isi.edu/resource/mineral_site1f229fa406dee59b34ee9f85454618ed81a447db9439a717c5c3fab5358e8fce
https://minmod.isi.edu/resource/mineral_site5603f8ea562b27bf0f90a85e790aebe08cef146c824cf679bde9fe5045c9da43,https://minmod.isi.edu/resource/mineral_sitea68611a348cb5f1b05e0eefdf9e857e50a085c27c96afbaa8e15aab02bf13ee3
https://minmod.isi.edu/resource/mineral_sitec2f9641ac58f397fd53e215c61cd8e05124319209b27e7dcdb3666bde27ea5db,https://minmod.isi.edu/resource/mineral_sitea68611a348cb5f1b05e0eefdf9e857e50a085c27c96afbaa8e15aab02bf13ee3
https://minmod.isi.edu/resource/mineral_sited191fff719a7011f185593770b1b9a6dc961aa08d7ba17b0052ba5fceb6d0734,https://minmod.isi.edu/resource/mineral_site1cd9a825d54036e248e49a9934ca909f730937071056526ac952126851742359
https://minmod.isi.edu/resource/mineral_site9cc71339d23d6a2b9fd60735be97fa5765819bf9a7dcaab974510190ff7e37ab,https://minmod.isi.edu/resource/mineral_site7840212092eb129106f3e0ebf513fdbb7e988d303c7b18eeb31ab8d2b24ce662
https://minmod.isi.edu/resource/mineral_site26b779a03c7bea5ccae669163fd6dcd9a021b94b43a30792666d5ce64acd1376,https://minmod.isi.edu/resource/mineral_sitec79091d6bb9a33a74870fa468bf00bc46b193a017e820f5d7da7a14279afa560
https://minmod.isi.edu/resource/mineral_site2c88a4b2fed33215e5be3676d565cccafd4de4b496b80b7c912c4dedd7708e31,https://minmod.isi.edu/resource/mineral_sitef0a108e9e656307f6b1d36cc45a284475dfcb7a1d30e322a1e3633d154b150c8
https://minmod.isi.edu/resource/mineral_site9ac75bc9a6f0c83867cdabfaf6557e25a499506d80a173766db66b0eb96f32f5,https://minmod.isi.edu/resource/mineral_sitea6e4983905881c31834a548675f9973ea382e4030c1909ba7543bc98f221c32a
https://minmod.isi.edu/resource/mineral_site21ef080adc82fa0ea74c5907d5d6d9ba9205673b609955c1d92c4bca636ddaa3,https://minmod.isi.edu/resource/mineral_site1e20e683b1175a656f06c9cce52fde6e38f83c8661b3ee23e2daaa24b2270227
https://minmod.isi.edu/resource/mineral_site94269673e7f1f17cfccfb616a5f369b0794a9edf688f612818ae00c5d010cfd3,https://minmod.isi.edu/resource/mineral_site4d99f5089a48577c13a139f3697f66896ac874ea8579d421a1e2c59d2c548b3d
https://minmod.isi.edu/resource/mineral_site1c2a634a023540321cd3d4c584fe9bc3fab43b7846f92e5fc139e95cdf4c166b,https://minmod.isi.edu/resource/mineral_sitef80b72d9832a03bf8c6e82080f2ed8b7598879c6f581a91dad598e28fdc62044
https://minmod.isi.edu/resource/mineral_site983a1224bb2715b55a63f3dcd75a490bb12f6588bf0dd09f5896ebc63c0a27ce,https://minmod.isi.edu/resource/mineral_site95163356e8f4e3e077d3bd6549e5fe8e600d3dcfd45bbc3f442c68a0b2db0b5c
https://minmod.isi.edu/resource/mineral_siteff7ef25701e6fad2b1321658e26cec7a4bcfb5516f25f789890a4e374dcb4aea,https://minmod.isi.edu/resource/mineral_siteafbea0313fbe6bcb1adbe274b95af4fb9853c5ed935ea2a5f020da92f04e332a
https://minmod.isi.edu/resource/mineral_sitedb0fb1b0f710da5e20b8754f21ffc8eead7c38aa5291e4718d9b66f65a146afa,https://minmod.isi.edu/resource/mineral_site7d174107cd00b7ed41da0f3d1c072d5510ecd55e105f29284acbed5d59a7df0d
https://minmod.isi.edu/resource/mineral_siteb5587969c681c36324e14c2f6fbfd3f96d3a017e3f9024179239c86df2e4bf69,https://minmod.isi.edu/resource/mineral_site5e48ffba0d2291b87222daf461719ad77e13396a4e287cbd487005479052e252
https://minmod.isi.edu/resource/mineral_site8ffc8ad51bd216d8230c8ae095f01325bd776eff1900a393fa38164cf8485532,https://minmod.isi.edu/resource/mineral_site707172ea189654c91fe7a435651e87d430d70437da5ac1dae5edc3968e433ea7
https://minmod.isi.edu/resource/mineral_sitefee7b9c7234ce741cc1523d54e187214297203d2943ec8da2a0eacb05409fcca,https://minmod.isi.edu/resource/mineral_site11c601cb16614b512cd453e6bbeff00e7f471bd212f0b0b0a1b481392e49aebe
https://minmod.isi.edu/resource/mineral_site74744f9cf907e83d19e8593bb39fbf46d7f07c1a3497ce80368c10ca388726a7,https://minmod.isi.edu/resource/mineral_site4fd37cf48ed5c38332e9200830a6720fa450f614a30ba275f3f83ed5b016694d
https://minmod.isi.edu/resource/mineral_site20b736048a916759672438f375e26cdcdd413baecc8ec1cfccf44e584bce6e7c,https://minmod.isi.edu/resource/mineral_sitef4d0b3eddd2e664ffbc19c1018e6383e93798e708209ed65adb2d2ec9c695af7
https://minmod.isi.edu/resource/mineral_sited32b50bf874b9302534b85cfefccb925973ff959f761df48048ac66f68df811a,https://minmod.isi.edu/resource/mineral_sitef4d0b3eddd2e664ffbc19c1018e6383e93798e708209ed65adb2d2ec9c695af7
https://minmod.isi.edu/resource/mineral_sitea54e5b7ee8019c12b422d376d5a9a170a136fc309abbbccf028c4e256d885b35,https://minmod.isi.edu/resource/mineral_site3b7c604e47227f174c2d29c5f75ed803a011f08735e0a333d3d79735c8099144
https://minmod.isi.edu/resource/mineral_site746d6df87826bc888187abcbd6f2cd17b2ba470f54338dd8fd6849a47c314b7f,https://minmod.isi.edu/resource/mineral_site3b7c604e47227f174c2d29c5f75ed803a011f08735e0a333d3d79735c8099144
https://minmod.isi.edu/resource/mineral_site151bbc528707346b37bee451cccd23509dcabec39a4013a44903cea8ed34a5f5,https://minmod.isi.edu/resource/mineral_site3b7c604e47227f174c2d29c5f75ed803a011f08735e0a333d3d79735c8099144
https://minmod.isi.edu/resource/mineral_site7e6de324665f25e79ab45aa6249e7d534829624e6a4771940368b71fbe53b175,https://minmod.isi.edu/resource/mineral_sitef6c3ba033860ffae042ff8049fd24ad64f96a763555e1c97798a24c3ea500b49
https://minmod.isi.edu/resource/mineral_site1aab3eb998f427671445d1111cfcc130c7dc31ec8aae582bee62a07ee35dde1d,https://minmod.isi.edu/resource/mineral_site05670f4985651abe4f589ab7a72cd17c634d4515ae8e15217950a3c25972867b
https://minmod.isi.edu/resource/mineral_sitef832cdc8750562ee30c572239f3a73d4f3e9710fa65c1385f20faedd5654eb6a,https://minmod.isi.edu/resource/mineral_sitea597093d166c842759e0a88de1a74051bb68949ef25144b418cd76589d705585
https://minmod.isi.edu/resource/mineral_site4c06b7a744a3d43b0592f250947a20548b7977b2ab9acda834473c0f60ff16f2,https://minmod.isi.edu/resource/mineral_sitefd40c1423485aeb1ea8175e7a2f959311b346dddcab1ae6950c9d05484a6eb63
https://minmod.isi.edu/resource/mineral_site2bbae08eaead9b15dde4f38ed2ad8b1c6710fcec31fbb0d010d211f081aba855,https://minmod.isi.edu/resource/mineral_sitee7b9e634b2ab675245f8a45055faa6ddaef778897fd42f5b22f2f8a1b763135f
https://minmod.isi.edu/resource/mineral_sitec5adae67c8a210dd9c7ecf2ae6b507595a3c8ac6e459bd1faa0bcdb708e58d61,https://minmod.isi.edu/resource/mineral_site6917839ef70010820d306101f917d7eb1f1fdee96698a4918128d37ef5edb5a6
https://minmod.isi.edu/resource/mineral_sitebf27cd1668cea58c111ffb4e9e5b21042c51d5a5a0ad1a4b905e76efef6edc45,https://minmod.isi.edu/resource/mineral_sitea53a9fb3d949a500f95448faf83be6fdf059794aff305a3eac09bce3776085ba
https://minmod.isi.edu/resource/mineral_site4899ec14e3e6eae1236d39df704e61feafdfeb362ecf367ea73535c45bea6766,https://minmod.isi.edu/resource/mineral_sitefa048d2392f3499156eb85a0d6d4ae97543ffcfdb65c62786e8d8bf54b53326d
https://minmod.isi.edu/resource/mineral_sitee3c872740117a5d07861bee00f511c8ed61a1633b55b2780ee4eb994da852174,https://minmod.isi.edu/resource/mineral_sitee32fb6229dc6fc5a573e1f96cab680d06f90492b412cbf2f93098233b06a5be4
https://minmod.isi.edu/resource/mineral_site19ea9ba83dfe654183c52b7aec7772e0de480756f55aa60bd611967242a98a1e,https://minmod.isi.edu/resource/mineral_sitee68ea6172a572dfd0dec55b5f041942e65635a2253ee3dc227f4355185dc41bc
https://minmod.isi.edu/resource/mineral_siteaaa37647516ea99d1082d07bc9e1d103b392cf45d251fd14c76b7fb3dae0ac3b,https://minmod.isi.edu/resource/mineral_site579aedbd8e56578b66309c6b2f823802e8b1fe6bbee4abb4a1fdec7fe0068b4c
https://minmod.isi.edu/resource/mineral_site141441428f39c0183da7cfafe0230224621325cff4fb74132d4294c614a357d3,https://minmod.isi.edu/resource/mineral_site6e6c959721a1eb843b74d599d7bc76993ce79adce0f9f59c56c78e7556849ab9
https://minmod.isi.edu/resource/mineral_site2038529cf227413ca3741b3e125cecf4594ed367a9fc1f4e3749404a6b08f9fd,https://minmod.isi.edu/resource/mineral_sitea5e533a0d5fc4c53491607635d228bc962b05a156869035defe181b94e70c5d9
https://minmod.isi.edu/resource/mineral_site58df2f70e384d4a645ee13c18a89140180f29e9ef7af0f7842d813de58d34d40,https://minmod.isi.edu/resource/mineral_site52cc61233038be87ec4dbd5fb86a819bdb558b6300f85e74e94b201915be72ce
https://minmod.isi.edu/resource/mineral_site39027f759dd0072dc26f35548152d1284921b427c59cccb31c6348f889fa4701,https://minmod.isi.edu/resource/mineral_site4f0d726f274851680f8a5b9402cf6de1898bdcbcb7b18b0371935af49eed1f12
https://minmod.isi.edu/resource/mineral_siteee894f7f2f18d1029677416ad379fa69e3ae90333b912f2ca7bef9d51b47c030,https://minmod.isi.edu/resource/mineral_site4f0d726f274851680f8a5b9402cf6de1898bdcbcb7b18b0371935af49eed1f12
https://minmod.isi.edu/resource/mineral_site1093c0135c80813b4aaa4f907fd979e05fade7c2d3fadc07b7b206f7e572b7d0,https://minmod.isi.edu/resource/mineral_site4f0d726f274851680f8a5b9402cf6de1898bdcbcb7b18b0371935af49eed1f12
https://minmod.isi.edu/resource/mineral_site53e01dfee9faee44552330409435fdfffc71e4a0f1840f5268de12f63ab09cca,https://minmod.isi.edu/resource/mineral_site5e23b8d1dc8a67aeeb93ac38fb57141ff4b64b3bd3bceef59c493a33d1481945
https://minmod.isi.edu/resource/mineral_site58ec848405df540206aa452554980f5dacdf3e786da37fe392d4d4293c0411c7,https://minmod.isi.edu/resource/mineral_site912e874b0f1cc81262e6f94ab27dabd6346a5f2e07af0028c5d0d6164d88ffc4
https://minmod.isi.edu/resource/mineral_site323d4656dd4e7e227027d55268b1f02288f7a7bee53f2209a530cbabee9d7756,https://minmod.isi.edu/resource/mineral_sitecd11dcd5f0b5bdc1cd16b5babf733b2bc563006dc1f614bde5b1ed1c9e67e322
https://minmod.isi.edu/resource/mineral_site94441eb1bec097790e75f8843da74dc6b3d7ca9c792c3fb67f65cebef54d048c,https://minmod.isi.edu/resource/mineral_site91f9850dc15693d05a645dbb95864696e2dcac27147bb16359fb82d0d6773813
https://minmod.isi.edu/resource/mineral_site4248c43dd7f9b02b66580477c2918c1666ebac3fcd8f9d78fd135ea7454c4515,https://minmod.isi.edu/resource/mineral_site91f9850dc15693d05a645dbb95864696e2dcac27147bb16359fb82d0d6773813
https://minmod.isi.edu/resource/mineral_site98a27cf05ec5f744c96200bf111c61a9f132d5dd71841c097f5919f2c34bdb49,https://minmod.isi.edu/resource/mineral_sitec95047d0b829de65599e1922c450891055c1aaf00b5a238641ac4649409084da
https://minmod.isi.edu/resource/mineral_site856c5ea1daf64e59d6cadcbcaa8ab5d3e828712fdffdcdf61363ed3ea784cafa,https://minmod.isi.edu/resource/mineral_site4b1f7ade6aabc10abdc639b88aeacbba14685a2ef6c7ee97a15b8d5c175c1597
https://minmod.isi.edu/resource/mineral_site84771fb9c5d56fb4922d651c8f65635eba0bcf49f7bb444af70f7815eb4d3591,https://minmod.isi.edu/resource/mineral_sitef652412bcaa9f01bf12571b37145b5ba346056825d83edc1592550324a884a20
https://minmod.isi.edu/resource/mineral_site40c02e6fe5af2310581ad1bcbd9072894b6e1409c950433c5130e2a254a41e1a,https://minmod.isi.edu/resource/mineral_sitebb3b154e2ddc513d98a85c4819cf170521216e902d1e5fef6b208eb9aefb4ab9
https://minmod.isi.edu/resource/mineral_site8d0d7f164a7bbc0be2560746faa8773c0428f3bd585ebae36325d303326d1d87,https://minmod.isi.edu/resource/mineral_site54f5e6fb8b457c92c12626ffec0d39ef2b1f52c674c1585ac19faa5cf76e155c
https://minmod.isi.edu/resource/mineral_site117678c0e95625b6c778c873a544422564ff356d03f121ec65e69f29652d4cc4,https://minmod.isi.edu/resource/mineral_sitea682aa9ac22ff6e7049525bec4d6bda2c4718373ee0bac51fd1c876c9a0d0a49
https://minmod.isi.edu/resource/mineral_site679853bc56aa3898ddf626e72082ec90b4cf7986cc83455df08f971f4ec33bcb,https://minmod.isi.edu/resource/mineral_site3e2c381ac264d358921c8e5e838557d7f49ff5df8381c7352129e146bd40248a
https://minmod.isi.edu/resource/mineral_site67505c5d84855758e8caaf226337cd56fdb2b6eafadfffbd51f74aa31c0a93f8,https://minmod.isi.edu/resource/mineral_site84e8bb44906e5d2a54546fd9b7a0234c0a343331db93500c5c3903f3a892f92d
https://minmod.isi.edu/resource/mineral_site7f9203a7be87f2499890fa46a1b6c27d76ceed0572590dc3baa7c332fb56131b,https://minmod.isi.edu/resource/mineral_siteb29bb7b859ce0b76a55ccbb95986c320aef58518eeef6748564bcb9b710af1a4
https://minmod.isi.edu/resource/mineral_site7093951ce0b79b4226b5abe8266bd55c23b1003492bd159f66b5acfb3b31fccb,https://minmod.isi.edu/resource/mineral_siteb29bb7b859ce0b76a55ccbb95986c320aef58518eeef6748564bcb9b710af1a4
https://minmod.isi.edu/resource/mineral_site2fc255324a14b6a216e089a6fd1255d4d12232961a086554f446bd98b70236f6,https://minmod.isi.edu/resource/mineral_siteb29bb7b859ce0b76a55ccbb95986c320aef58518eeef6748564bcb9b710af1a4
https://minmod.isi.edu/resource/mineral_site907951711fa9716b347709e9ef5d7d1722a381a83dbd6a8bc21464db0a75af30,https://minmod.isi.edu/resource/mineral_site7b2806288276508fb6046fbaab5e9114018b59f8156a38b010eb13f56e461cb7
https://minmod.isi.edu/resource/mineral_siteb900d0e0fd1993f366b61a3af12dabadb8489b7fbb215df4651bdd2f2ac21a5e,https://minmod.isi.edu/resource/mineral_site591d01c8dc26fa6af66ad3d4ff0764bc3e30bfbaa71e6238dcf35c7bdd97a432
https://minmod.isi.edu/resource/mineral_sitea06ca5ef63c04924aeccf7025ef180dcbc0acb1cddde138b1c70bc7a0320ce2f,https://minmod.isi.edu/resource/mineral_site39d9802b6c736ed6439fce4dbc3011ccf78928ff82ca1eab2f969bda4ece3176
https://minmod.isi.edu/resource/mineral_sitebcd909c716d4ad3b1d081331f6a7048a8d518e7e1e58686edf1d8afc305cb9e2,https://minmod.isi.edu/resource/mineral_site39d9802b6c736ed6439fce4dbc3011ccf78928ff82ca1eab2f969bda4ece3176
https://minmod.isi.edu/resource/mineral_site883b5d29becf66f5c638d0911ad35694b64f7583259b8eeba500fc1540399639,https://minmod.isi.edu/resource/mineral_site39d9802b6c736ed6439fce4dbc3011ccf78928ff82ca1eab2f969bda4ece3176
https://minmod.isi.edu/resource/mineral_site968323de05a2587db9f1a0c1c6df4d241537c1bd3f9c3d994b252b160e7456c0,https://minmod.isi.edu/resource/mineral_sitee4bf2abf6fec1d5927066723f8390a2c615e18bf4e52b90348e005374261c262
https://minmod.isi.edu/resource/mineral_site5667986ad491f9b54f33a6205e9c8f35a1a877a4c063e69312ae02afaa454f68,https://minmod.isi.edu/resource/mineral_sitee4bf2abf6fec1d5927066723f8390a2c615e18bf4e52b90348e005374261c262
https://minmod.isi.edu/resource/mineral_site7daf05fbfd8f5e816578eefc8e332b7e3dec92b21466bf4d25bdcd0d14fb9b0e,https://minmod.isi.edu/resource/mineral_sitee96455ce5d2e1ef96aecea07f3da96ecb21eadd58ce460e439fb0ddbead0ecc2
https://minmod.isi.edu/resource/mineral_site600bdf4c61fe8afd18dceb4a2e8eff496782bcb767ec7015c1255d357fa20dce,https://minmod.isi.edu/resource/mineral_sitef600a05ddd3e641daf89a71f04b8d8bfbb6a9198ae54f842080dd1b24ac5c070
https://minmod.isi.edu/resource/mineral_site0f1ffbe55e7045a8cd284ae84356b8e8b2da851d2439f179bd1fc381fc1f59e2,https://minmod.isi.edu/resource/mineral_siteaa7873441ac8ee8fd8e3ee18d079fb267cfc169fc0e5b7c1c780c9e7bd943e9b
https://minmod.isi.edu/resource/mineral_site54712b8c157712bb7e98434746201ce379c768a3607eaa4f5ae5fbdb96455bdd,https://minmod.isi.edu/resource/mineral_sitea04133ce613618566b005e374da1d097350835100dd8d20d4bb6d5bc99d1763a
https://minmod.isi.edu/resource/mineral_site3d339e8932b3b81b31cdfa84659b09a2587fa9cad86bd649b5264565665cf716,https://minmod.isi.edu/resource/mineral_sitecb4bb84d5d301931620f86ae59afe43abd6531210f8e102f1fbe794d28869bd1
https://minmod.isi.edu/resource/mineral_site5eb44b813e3f5716f2046f39acc4e602fa82759263ca78f8d29661b0be432f6c,https://minmod.isi.edu/resource/mineral_sitedc55f7b18ca9f2d503ca5b45cc71f54f2f89e143e3c71d281f7d5195a1e3635b
https://minmod.isi.edu/resource/mineral_sited6b696d320d72348e039465aaacb7012e02697cf2a2312594042c5a0ad3a78f5,https://minmod.isi.edu/resource/mineral_sited1730018af40e5f7dc88e74d7b68edd6b454a8087854a0663c1f7446537fb9a0
https://minmod.isi.edu/resource/mineral_sitebddac6f0f1bb182c022346c8a4355a9936d933bf9694b2718ae54f0dd171e33c,https://minmod.isi.edu/resource/mineral_sitefc3c864cff74d46d5c3344f9314972d4f4c6fd8b1e6fca200b901fca17a2b564
https://minmod.isi.edu/resource/mineral_site7aaeafa7f9c37dad3a0bf8e3c6a928ea4662340d2632664d6faaa3f11a382926,https://minmod.isi.edu/resource/mineral_site92dbb5cc743cfa94a750e7cf1f74b02efa8b90ac3bed8a94639df8dc3d0c7e87
https://minmod.isi.edu/resource/mineral_site566c3be9fee77fc2aa732c5db92aa9073364c6bdfc98a5a6bf02eda4c66f1282,https://minmod.isi.edu/resource/mineral_site167e5cb9e15af3f134a8e36f59a40e6fb7bde9ddf1d9bb1dd9f4434996187771
https://minmod.isi.edu/resource/mineral_site93fd414f249566478be273e64d2dd82c78efbc305a9b537b540d5102e6a35bf3,https://minmod.isi.edu/resource/mineral_site8b86deddda043045493650da5cdfd883f57023dcdf87535b4282f77750e23bf6
https://minmod.isi.edu/resource/mineral_site13142f7c9521e2d4ac69ea69a7a3002cc8f0f7ae3f83235811caa97bbf2aaf16,https://minmod.isi.edu/resource/mineral_site74f87558b8ab21052dca6d7e054a803b8cd309005323bee5aeb5a0a09cefda3a
https://minmod.isi.edu/resource/mineral_site936330cb4482e4f490212a7ec1a1e4718c6579e3fc2996e637e9b6d5b56db3c6,https://minmod.isi.edu/resource/mineral_site2412fa94cef4a3357a20bfee444ce79b03e755eb5e9e4bd7f5c072131cace5de
https://minmod.isi.edu/resource/mineral_site77ccf707644b8b1143a6ab62de9e7e679bb4342370edacfddb877912f965b355,https://minmod.isi.edu/resource/mineral_site3e0d001fbffc7e295ddad9c4cfb1613be807e43088ee90bae16fea8dcb3c54ae
https://minmod.isi.edu/resource/mineral_site2bc5817d5622010bab1dac0ce81725e64e29c54de83d240f60fb0f4afb93ff5e,https://minmod.isi.edu/resource/mineral_siteaa61e0ff48cadf538ebe6312b73bb17fb894c76cb41755db3a7989c8e07d1849
https://minmod.isi.edu/resource/mineral_site3b9f4b124a4273a84b2c1da4ae5d18c83d635e750646fadfca24ebede8cf3b7b,https://minmod.isi.edu/resource/mineral_site7074dc51554f3f5ade4ac97c8a9b25ed214722ec841ec2538134580a6548d6a4
https://minmod.isi.edu/resource/mineral_site0255680fd8d7f42a9c87e5ba370280f1ae8a7b3ba6fb2d5fc0acc592672ce6e7,https://minmod.isi.edu/resource/mineral_site2a30ccf7e6028d9ab2763ffdbe9f561241bfce21e62f209c2bd7036e5e5a4459
https://minmod.isi.edu/resource/mineral_site076d45158710d5c04d644f34582738c00f33b140abdc85830cc8c5c3975edb8d,https://minmod.isi.edu/resource/mineral_site2a30ccf7e6028d9ab2763ffdbe9f561241bfce21e62f209c2bd7036e5e5a4459
https://minmod.isi.edu/resource/mineral_sitea9ab4a63be2b312eec5344c7f5254bc234fa21cb579c79e30fc5ec3dad5316be,https://minmod.isi.edu/resource/mineral_site172e6b8034b934ccab90d1c138ec0a815fd9da86baa81eea446d215ced4cd3df
https://minmod.isi.edu/resource/mineral_sitea03a6aa01b77eb196bb0f88dd0fb36f21709299ffa1eb51d9de0ec68ff09a9a8,https://minmod.isi.edu/resource/mineral_siteb73760731d35157d33ac9c20ccdb1180ed5025aaa7e4dd5065125a5a0358fe20
https://minmod.isi.edu/resource/mineral_sitedf16e88c6f06b899ec5de92781c1110859705e07d12a76fcd72e06918c8c30af,https://minmod.isi.edu/resource/mineral_siteb73760731d35157d33ac9c20ccdb1180ed5025aaa7e4dd5065125a5a0358fe20
https://minmod.isi.edu/resource/mineral_site9ba66890e7ffee572944dbab170b45d45d0ecb565d47f18442079fc47b4de78f,https://minmod.isi.edu/resource/mineral_sitebff42f9a3835a5cc94e633fcd2f3479daedae9e52afca6c28d0c4cb9d852911b
https://minmod.isi.edu/resource/mineral_sitedf5d0c95f7b2abf39af82df5432ef10e7255e024690e7ba232584cb5a4a6b40b,https://minmod.isi.edu/resource/mineral_sitee7a393b9caef883aa0275594377fb8ac3b4966148b3bf57c43a3ebfd166e8330
https://minmod.isi.edu/resource/mineral_site71c96ab227a98adb58aec735d8066a577ff807c56d6db9e332ec99b63594cfe1,https://minmod.isi.edu/resource/mineral_site4b311643b2592c4e586c7ed28a83e8c0f73e36d293756aad83d835780939770d
https://minmod.isi.edu/resource/mineral_site0341a0ee9c936c76ce5e813b9075a4db091a870535e0297c7c50d38ab99797e0,https://minmod.isi.edu/resource/mineral_sitec20b4ebcdc8503de29e4c0cb8af8fda637d8dd6324b9f34b84822959500e50e1
https://minmod.isi.edu/resource/mineral_site90a91b6a89750c2dbb3df2ffe9893749097aae1e8ccc21e2d53da72065be969b,https://minmod.isi.edu/resource/mineral_site8c5e4ef97661263d81f9c3161f7bd3c1601546184e58df3ca8b74f37cb22d2c8
https://minmod.isi.edu/resource/mineral_site444f5fad17d1f14a33e7a3ba7a4cd582ad0ddd8f824f06d1ebab102878ebdb9b,https://minmod.isi.edu/resource/mineral_site8c5e4ef97661263d81f9c3161f7bd3c1601546184e58df3ca8b74f37cb22d2c8
https://minmod.isi.edu/resource/mineral_site69958d8e4d43727dc864c4f405975da3486bdbcf7d2d3e2eeac036a7da82889a,https://minmod.isi.edu/resource/mineral_siteac65df489b279ead67f38bbed04a610d374a0a7546cbdc8c9fd828324f02976c
https://minmod.isi.edu/resource/mineral_site4c93383536b723f09adf3945fd135be01f2c9ca21177cd11b29e5dec342ab133,https://minmod.isi.edu/resource/mineral_site26a42dd56da2128a38ac70f28e942869e152308bc81f9eb68fd49540801cd5d2
https://minmod.isi.edu/resource/mineral_sitee4378874ba6583f64689e3e24a2c1d97360595e53257ddcedc7ac71979b82fd9,https://minmod.isi.edu/resource/mineral_site7fea6c9c94f3048436b2f4d7c19a1a09a3e6af4cb2fa0b43bbfd1803f1fa2860
https://minmod.isi.edu/resource/mineral_site91c2840380f8be1921d9dc2f14b0ad5e0af90cc1bb6b38102b9a5fe96c07ce8b,https://minmod.isi.edu/resource/mineral_site7fea6c9c94f3048436b2f4d7c19a1a09a3e6af4cb2fa0b43bbfd1803f1fa2860
https://minmod.isi.edu/resource/mineral_site4efa82f560d592b71d0f44d9bf7921a93719f21507ecc0643ffe92eaf2dc42a8,https://minmod.isi.edu/resource/mineral_siteeca3d7fa26ed96d47ad63ae6e4d22deef1e793eda9baf7e1fa28b54fdb27e822
https://minmod.isi.edu/resource/mineral_site5912d370b5dcc1754887f2126c6ab4f23bf48bc2128674d04b48323474cd3e15,https://minmod.isi.edu/resource/mineral_siteeca3d7fa26ed96d47ad63ae6e4d22deef1e793eda9baf7e1fa28b54fdb27e822
https://minmod.isi.edu/resource/mineral_site2e72c968f8a9b711d58617199356e0bdcebd1b94ee4eb884a0054b831ef04334,https://minmod.isi.edu/resource/mineral_siteeca3d7fa26ed96d47ad63ae6e4d22deef1e793eda9baf7e1fa28b54fdb27e822
https://minmod.isi.edu/resource/mineral_site4a57d94e56b3d2288ea8e2b6f3eed22d714ec237f19e2a5281f40724df6dd491,https://minmod.isi.edu/resource/mineral_sitedfa25dc2c709aa464c1ef59efc9d530cd4c912a5aa5a637389525e66c37cfbe9
https://minmod.isi.edu/resource/mineral_sitebee1b6ed8222fc0169d9f874967e8a2a13321c261a5c78c43f6d9dd87fd2940d,https://minmod.isi.edu/resource/mineral_sited77f3eff3c25b0b3746ca8d0af10f944a49abd3978900b50d9ad53e9e7224a24
https://minmod.isi.edu/resource/mineral_site364e66edee5a85edd5a06d0499f597a7b29ae0fe3b943a6f2f66fc378f0558a7,https://minmod.isi.edu/resource/mineral_site00abe12fe8d3dde254bb80839e0c4ceeeb1189d46cfc2cd3be2c8d67a36dd73c
https://minmod.isi.edu/resource/mineral_site9bfeb30c89ccecdde4699e1e23248f6fc58d1e0b9d3d39fabd0e3324c2dd8986,https://minmod.isi.edu/resource/mineral_site776becf1b04e53f9a80f7f3eb2d6a01dc8a376786a1345744913afb0913e5091
https://minmod.isi.edu/resource/mineral_siteb72a337ee5a8e7db4d8a98e3051c1aa5c8e9ab1d5ef7fc457b082b031c6128af,https://minmod.isi.edu/resource/mineral_sitead1dde572c9a67c41a6800588371df257a314385c3351c39e2528625f59ba505
https://minmod.isi.edu/resource/mineral_sited067252d379296ae755dc529e54bbc22ad3d9708ceeb2527acd9f73730cbec7d,https://minmod.isi.edu/resource/mineral_sitec339130d7dcdf845d07f07caa907ac30d5fa0afbd38def97ca3cf80650c66a13
https://minmod.isi.edu/resource/mineral_sitea426687cf1b6004bcd3f97bf495d1d122fc2fa2ce2ea24316eefcd24e3cc91eb,https://minmod.isi.edu/resource/mineral_sitec339130d7dcdf845d07f07caa907ac30d5fa0afbd38def97ca3cf80650c66a13
https://minmod.isi.edu/resource/mineral_sitee28d1ed304ac37db2a1f203634a89384cfb8007c4711061f25fc989b323f1659,https://minmod.isi.edu/resource/mineral_site354c49d1bae08fb0b1738c86805d232ab32c6ba362cd71440ac7482f1ba6b0c2
https://minmod.isi.edu/resource/mineral_site9bc40260b5de57309dc9c281fde68693bbc6283f523b7dd0d862af612b71e80c,https://minmod.isi.edu/resource/mineral_sitef5a989c56122742dc33ee2c8bc633e46d71cca62283b1cda679324b2273cd81c
https://minmod.isi.edu/resource/mineral_siteee5a13e981c4fcd2d0888d0385dc0f51bd459224db4fe8ab2fbb37d09697c588,https://minmod.isi.edu/resource/mineral_sitefa801e9090447a446d85c50ef32ba8fbd97a0324f71de9b34e9a5c05f1bc56f4
https://minmod.isi.edu/resource/mineral_site05f4cc2d9885c3f7ddb437627a121acc7196e9d60087f47647669e59fc29e379,https://minmod.isi.edu/resource/mineral_sitee445d0942e2fc39122a2fa0577d477c7eca0ec8b470ccf3d1553aa45f9734a41
https://minmod.isi.edu/resource/mineral_site993332eba867425da0db0679e0f1c113d98945fb2b48049be7709b165bead437,https://minmod.isi.edu/resource/mineral_site4a0988dd3c1dc66a4d52f00477c36c86ca62c371e8abf214efe02c7611f0c4f2
https://minmod.isi.edu/resource/mineral_siteb61b2b0984b6bed5fee903399e3289d759bab2252491624d4fa7d01263a6d3d3,https://minmod.isi.edu/resource/mineral_site4a0988dd3c1dc66a4d52f00477c36c86ca62c371e8abf214efe02c7611f0c4f2
https://minmod.isi.edu/resource/mineral_sitea80bb79536da734c9ab49b6b63d7022c2b5972ec79a0489c2842381b5c05ef27,https://minmod.isi.edu/resource/mineral_siteda7aa27b89a5ce21a6413e3a68d4cc479f411d0c3e21ac67caf0d4a0a5ee6e39
https://minmod.isi.edu/resource/mineral_site6596d23b6b57788d57b7cc5cf69abff8d724130ba85efc6c2d6ebce3254460ed,https://minmod.isi.edu/resource/mineral_siteda7aa27b89a5ce21a6413e3a68d4cc479f411d0c3e21ac67caf0d4a0a5ee6e39
https://minmod.isi.edu/resource/mineral_site36def4303727fb1c5cd64879ee7cbffd42d6d8b0a1293173d367becf5ec6d178,https://minmod.isi.edu/resource/mineral_site374a634bedb70446eac2a5784cccbcdd9a3a6c321c73d921290b715a610a6016
https://minmod.isi.edu/resource/mineral_siteb680aa09b743d1a324abc351087bdbfcc1db2b6721a2ff4f2ce4479a407fa7d9,https://minmod.isi.edu/resource/mineral_site57fbdd2ce4d22d2f7dc0677834420dbf7d0a4a15f570ef132caac7b6fd28c8a2
https://minmod.isi.edu/resource/mineral_site379aca41c77d967da3252adffc73bb00a5cf302d8d4fa3cf9de8e9ea9bc9d4bc,https://minmod.isi.edu/resource/mineral_site575a1b7c5f67581df90fa50e06d263b8357b374eb4ae7600265916734c9795ec
https://minmod.isi.edu/resource/mineral_site4b40ca07364657f3327850296fe42d89260705310e53f6b493d9c7274431fa77,https://minmod.isi.edu/resource/mineral_siteaa4949e52c26bf0678311c8d70ce461b823ce89582835c0380c8f611340ea1a7
https://minmod.isi.edu/resource/mineral_site4c117bf551d4e536f0c286f3cf1e3fbdfc9ef0b056f7cbfd7bae4ec4292f8c49,https://minmod.isi.edu/resource/mineral_sitef50025a947e5e17da87c3d26a7c1073064a97161fbc6e0c6e8f93724c44f27ca
https://minmod.isi.edu/resource/mineral_site7f6393da1473ba4bdcbdfd76992d8871bdfc011e2646aff6ce9adbb228d6a7ce,https://minmod.isi.edu/resource/mineral_sitef50025a947e5e17da87c3d26a7c1073064a97161fbc6e0c6e8f93724c44f27ca
https://minmod.isi.edu/resource/mineral_site8368b2f7b435ca4fa420f29a56b1e9af17562bbaf25774a9b1d69c6730e7367a,https://minmod.isi.edu/resource/mineral_site203f6d580bf9a7dde34adf9f4787679a45db94cb06f43fc6bf429621d978060f
https://minmod.isi.edu/resource/mineral_site526e9351e17af9afe7241628f64203f04c4ef0cf6b51d28366e4155eb8640a3b,https://minmod.isi.edu/resource/mineral_sited101e67bb344f454d2cf178882d28d040c5689bd07ea24dd2d98cb558ab2f7be
https://minmod.isi.edu/resource/mineral_site946a429f14cfca67b49e4b8ee43c72f14aafd258ba4a4168098a51e6a16cd794,https://minmod.isi.edu/resource/mineral_sited101e67bb344f454d2cf178882d28d040c5689bd07ea24dd2d98cb558ab2f7be
https://minmod.isi.edu/resource/mineral_site7d4bbcedc02568068212009a6928449ad561bdd2898c5fa8b92336e719f1e12a,https://minmod.isi.edu/resource/mineral_sited101e67bb344f454d2cf178882d28d040c5689bd07ea24dd2d98cb558ab2f7be
https://minmod.isi.edu/resource/mineral_site3c008aa4aa41a66c4ace84d76dd1081a101e2c3adb38eb046fdb63ffdea6367d,https://minmod.isi.edu/resource/mineral_site19ead74d4c7550ee79ca140c73357d6072bb5085618d118c6353e680e7b593dc
https://minmod.isi.edu/resource/mineral_sitedab7c8b1f881443cb8c31e7a778538634a2212b02790916bafd94f11fc8cf560,https://minmod.isi.edu/resource/mineral_site19ead74d4c7550ee79ca140c73357d6072bb5085618d118c6353e680e7b593dc
https://minmod.isi.edu/resource/mineral_sitec3b5a3d77bec638461da393bc4c5f367020608d84954a51097bc6a3788149113,https://minmod.isi.edu/resource/mineral_site19ead74d4c7550ee79ca140c73357d6072bb5085618d118c6353e680e7b593dc
https://minmod.isi.edu/resource/mineral_sited868e0cddc34909c1159ab8b52962de0af2dac0523c074218d5a567f203a7db2,https://minmod.isi.edu/resource/mineral_sitee43e86106d966b87fc603e086a32a00c19c89bdc57b3f7a8c7b9fd5187bceda3
https://minmod.isi.edu/resource/mineral_sitea3b1f63c7976247ebe736341803e613afd534dac4c564a6119255171fabb41f7,https://minmod.isi.edu/resource/mineral_sitee7e826f6342644496413635994eefb4fe3e9228fbca096ed35a6f5802be2df55
https://minmod.isi.edu/resource/mineral_site7372be74abbd1c31e8ea51fd0fa96860968b90c30035c074c2c4d3e66e225a15,https://minmod.isi.edu/resource/mineral_site4caebb6dd45f389de50ef8ec131288697b0fadf35a5f66889b1a230ef9999e4e
https://minmod.isi.edu/resource/mineral_site9d9d9c95d5ed8a13db42d42e24288ff992587b43e9c55a16accb7196a0375da7,https://minmod.isi.edu/resource/mineral_site89d2f95b61b07f76ad01e9e2d894e14bd4975edcd2b89d8b4655e998019cd33e
https://minmod.isi.edu/resource/mineral_sitecb1b034477ffdbf2053a6a7c9759504e6a43b3b1bce3291d4722b3650531e465,https://minmod.isi.edu/resource/mineral_sitec002337bea9c5a5d7c00e56da91a615632b52b8849b10daba549abf80fe6cfd7
https://minmod.isi.edu/resource/mineral_site77fc7af4e7e948589566056e1145a2232124b30d9a8901f8a702837356d011d5,https://minmod.isi.edu/resource/mineral_site339661bf34b729df12236b9acaa26da3afec5c3062c8d09c5540cc22827f9c96
https://minmod.isi.edu/resource/mineral_site3136eadf78a22bbba107aa7613ff6448740c3f84acb0c2e9aea9a470a56d6fd9,https://minmod.isi.edu/resource/mineral_siteac1180a3124c0b095821e2c49af42c81df74d4a5df353892b73d18dddf25b9cf
https://minmod.isi.edu/resource/mineral_site32de71da4bc9e6c4c458175ec328c5772faddc59991e647572484e3eb0e9c0cf,https://minmod.isi.edu/resource/mineral_site57d182b8d59abdfeeee56494176f919562d3628582b88de828ec82275ccdaccd
https://minmod.isi.edu/resource/mineral_site5a177dff8273ad0ced3f366a0492e466fd5fe95cfa9e2e8692a4f902feb17740,https://minmod.isi.edu/resource/mineral_siteb76d58c24760418846e5870c73c1364d0de75d758301287cfcbff55a4d584e55
https://minmod.isi.edu/resource/mineral_sitee500e066734c2a41b4641d0866dd8029f84d7aab073e7dd1b70575064d6d837c,https://minmod.isi.edu/resource/mineral_sited656312cc62d122e735345a4a1bdf2e2c73be0dab8dec8b95823932e7b69ab7a
https://minmod.isi.edu/resource/mineral_sitea16e7a267d86e01bbd34f7c94f80d802a7828b38ae247088bc3c20cf66b4794b,https://minmod.isi.edu/resource/mineral_sited412554b155ad54c5ce669bb2e43c2310893d4f16bcdc4bc0c80608f2659b902
https://minmod.isi.edu/resource/mineral_site9038b8d39a7b0405fd59fb6cd6e2978082771997999d7ac44924ebddcc15bcbc,https://minmod.isi.edu/resource/mineral_site22612c5568626ca1374b18c8f83ac5d95d44b4f473bd6bc0bb9246de937ca898
https://minmod.isi.edu/resource/mineral_site25c80f8d8834a59546e73c36fc98c4dc05335541046cb9f723a0e763655fcd5e,https://minmod.isi.edu/resource/mineral_site22612c5568626ca1374b18c8f83ac5d95d44b4f473bd6bc0bb9246de937ca898
https://minmod.isi.edu/resource/mineral_site37d3f400a4ef60a8d0ac797cb7c6efa824eeeb17cadfd1c9cb14fd120d845973,https://minmod.isi.edu/resource/mineral_site480239996363d8556a9a0fd7fde05bc74905f6c96d42a2a1f89555de63a54a1f
https://minmod.isi.edu/resource/mineral_siteb83c996a4304186de1102019aed88c622a89be5da0356e73ccb08d3cc783935e,https://minmod.isi.edu/resource/mineral_site68c8917f44bc98e7aafc0ee0afd176d964597a996de6a4d4c36b2ca07e13d573
https://minmod.isi.edu/resource/mineral_site0e78ad74ce3f672446dabbae591707a6400e6f432ffa51e78be0ba4fec5cf0b9,https://minmod.isi.edu/resource/mineral_site608f02faa16d0ec05ba9b41676495a2c9eeaca737c2d6c96559c874ff43be9a3
https://minmod.isi.edu/resource/mineral_sitedb83da4000cebb03467fd660f0e6669aae4f862e2725a3410d2c0bfdad3a22d5,https://minmod.isi.edu/resource/mineral_site2dd85116c54a1c22ffee3158e85b6f449ab013699cb612243bc4755cb10fd8ca
https://minmod.isi.edu/resource/mineral_sitea1bb8d9feb20815edd8b38e7d43a7b1dc4c683eba89b17852939c66129e8b50d,https://minmod.isi.edu/resource/mineral_site2102325043fc8a33612c19371a62c67fbfb638a4543e80752e2cc488d41e5b64
https://minmod.isi.edu/resource/mineral_site5a3fb8a28930867c11436f1fc5f9676a8582d86c5ad4ac98d3e099cf20946927,https://minmod.isi.edu/resource/mineral_site0def2bd47a680523830f9b0465b4500c6ccb6a6b8612c108fddae6219a51721f
https://minmod.isi.edu/resource/mineral_site1df2e73ee8630040c9ae03c5ff2148e0b014ee90dc4da975d31d4081717ba44c,https://minmod.isi.edu/resource/mineral_site0def2bd47a680523830f9b0465b4500c6ccb6a6b8612c108fddae6219a51721f
